x-axis,2
second,Volt
 4.000800000000e-004, 4.02010e-001
 4.010800000000e-004, 3.61809e-001
 4.020800000000e-004, 3.61809e-001
 4.030800000000e-004, 4.02010e-001
 4.040800000000e-004, 4.42211e-001
 4.050800000000e-004, 4.02010e-001
 4.060800000000e-004, 4.02010e-001
 4.070800000000e-004, 4.02010e-001
 4.080800000000e-004, 3.61809e-001
 4.090800000000e-004, 4.02010e-001
 4.100800000000e-004, 4.02010e-001
 4.110800000000e-004, 4.02010e-001
 4.120800000000e-004, 4.02010e-001
 4.130800000000e-004, 4.02010e-001
 4.140800000000e-004, 4.02010e-001
 4.150800000000e-004, 4.02010e-001
 4.160800000000e-004, 4.02010e-001
 4.170800000000e-004, 4.02010e-001
 4.180800000000e-004, 4.02010e-001
 4.190800000000e-004, 4.02010e-001
 4.200800000000e-004, 3.61809e-001
 4.210800000000e-004, 3.61809e-001
 4.220800000000e-004, 4.02010e-001
 4.230800000000e-004, 4.02010e-001
 4.240800000000e-004, 4.02010e-001
 4.250800000000e-004, 4.02010e-001
 4.260800000000e-004, 3.61809e-001
 4.270800000000e-004, 4.02010e-001
 4.280800000000e-004, 4.02010e-001
 4.290800000000e-004, 3.61809e-001
 4.300800000000e-004, 3.61809e-001
 4.310800000000e-004, 4.02010e-001
 4.320800000000e-004, 4.02010e-001
 4.330800000000e-004, 4.02010e-001
 4.340800000000e-004, 4.02010e-001
 4.350800000000e-004, 3.61809e-001
 4.360800000000e-004, 3.61809e-001
 4.370800000000e-004, 4.02010e-001
 4.380800000000e-004, 4.02010e-001
 4.390800000000e-004, 3.61809e-001
 4.400800000000e-004, 4.02010e-001
 4.410800000000e-004, 3.61809e-001
 4.420800000000e-004, 3.61809e-001
 4.430800000000e-004, 3.61809e-001
 4.440800000000e-004, 4.02010e-001
 4.450800000000e-004, 3.61809e-001
 4.460800000000e-004, 3.21608e-001
 4.470800000000e-004, 3.61809e-001
 4.480800000000e-004, 4.02010e-001
 4.490800000000e-004, 3.21608e-001
 4.500800000000e-004, 3.61809e-001
 4.510800000000e-004, 4.02010e-001
 4.520800000000e-004, 4.02010e-001
 4.530800000000e-004, 3.61809e-001
 4.540800000000e-004, 3.61809e-001
 4.550800000000e-004, 3.21608e-001
 4.560800000000e-004, 4.02010e-001
 4.570800000000e-004, 3.61809e-001
 4.580800000000e-004, 3.61809e-001
 4.590800000000e-004, 3.61809e-001
 4.600800000000e-004, 3.21608e-001
 4.610800000000e-004, 3.61809e-001
 4.620800000000e-004, 3.61809e-001
 4.630800000000e-004, 3.61809e-001
 4.640800000000e-004, 4.02010e-001
 4.650800000000e-004, 3.61809e-001
 4.660800000000e-004, 4.02010e-001
 4.670800000000e-004, 4.02010e-001
 4.680800000000e-004, 3.61809e-001
 4.690800000000e-004, 3.61809e-001
 4.700800000000e-004, 3.61809e-001
 4.710800000000e-004, 3.61809e-001
 4.720800000000e-004, 3.61809e-001
 4.730800000000e-004, 3.61809e-001
 4.740800000000e-004, 3.61809e-001
 4.750800000000e-004, 4.02010e-001
 4.760800000000e-004, 3.61809e-001
 4.770800000000e-004, 3.61809e-001
 4.780800000000e-004, 3.61809e-001
 4.790800000000e-004, 3.61809e-001
 4.800800000000e-004, 3.61809e-001
 4.810800000000e-004, 3.61809e-001
 4.820800000000e-004, 4.02010e-001
 4.830800000000e-004, 3.61809e-001
 4.840800000000e-004, 3.61809e-001
 4.850800000000e-004, 3.61809e-001
 4.860800000000e-004, 3.61809e-001
 4.870800000000e-004, 3.61809e-001
 4.880800000000e-004, 3.21608e-001
 4.890800000000e-004, 3.61809e-001
 4.900800000000e-004, 3.61809e-001
 4.910800000000e-004, 3.61809e-001
 4.920800000000e-004, 3.61809e-001
 4.930800000000e-004, 4.02010e-001
 4.940800000000e-004, 3.21608e-001
 4.950800000000e-004, 3.21608e-001
 4.960800000000e-004, 3.61809e-001
 4.970800000000e-004, 3.61809e-001
 4.980800000000e-004, 3.61809e-001
 4.990800000000e-004, 3.21608e-001
 5.000800000000e-004, 3.61809e-001
 5.010800000000e-004, 3.21608e-001
 5.020800000000e-004, 3.61809e-001
 5.030800000000e-004, 3.21608e-001
 5.040800000000e-004, 3.21608e-001
 5.050800000000e-004, 3.21608e-001
 5.060800000000e-004, 3.21608e-001
 5.070800000000e-004, 3.21608e-001
 5.080800000000e-004, 3.21608e-001
 5.090800000000e-004, 3.61809e-001
 5.100800000000e-004, 3.21608e-001
 5.110800000000e-004, 3.21608e-001
 5.120800000000e-004, 3.21608e-001
 5.130800000000e-004, 3.21608e-001
 5.140800000000e-004, 2.81407e-001
 5.150800000000e-004, 3.21608e-001
 5.160800000000e-004, 3.21608e-001
 5.170800000000e-004, 3.21608e-001
 5.180800000000e-004, 3.61809e-001
 5.190800000000e-004, 3.21608e-001
 5.200800000000e-004, 3.21608e-001
 5.210800000000e-004, 3.61809e-001
 5.220800000000e-004, 3.21608e-001
 5.230800000000e-004, 3.21608e-001
 5.240800000000e-004, 3.61809e-001
 5.250800000000e-004, 3.21608e-001
 5.260800000000e-004, 3.21608e-001
 5.270800000000e-004, 3.21608e-001
 5.280800000000e-004, 3.21608e-001
 5.290800000000e-004, 2.81407e-001
 5.300800000000e-004, 3.21608e-001
 5.310800000000e-004, 3.21608e-001
 5.320800000000e-004, 3.21608e-001
 5.330800000000e-004, 2.81407e-001
 5.340800000000e-004, 3.21608e-001
 5.350800000000e-004, 2.81407e-001
 5.360800000000e-004, 3.21608e-001
 5.370800000000e-004, 2.81407e-001
 5.380800000000e-004, 3.21608e-001
 5.390800000000e-004, 2.81407e-001
 5.400800000000e-004, 3.21608e-001
 5.410800000000e-004, 2.81407e-001
 5.420800000000e-004, 2.81407e-001
 5.430800000000e-004, 2.81407e-001
 5.440800000000e-004, 2.81407e-001
 5.450800000000e-004, 3.21608e-001
 5.460800000000e-004, 2.81407e-001
 5.470800000000e-004, 2.81407e-001
 5.480800000000e-004, 2.81407e-001
 5.490800000000e-004, 2.81407e-001
 5.500800000000e-004, 2.81407e-001
 5.510800000000e-004, 2.81407e-001
 5.520800000000e-004, 2.81407e-001
 5.530800000000e-004, 2.41206e-001
 5.540800000000e-004, 2.81407e-001
 5.550800000000e-004, 2.41206e-001
 5.560800000000e-004, 2.41206e-001
 5.570800000000e-004, 2.41206e-001
 5.580800000000e-004, 2.81407e-001
 5.590800000000e-004, 2.81407e-001
 5.600800000000e-004, 2.41206e-001
 5.610800000000e-004, 2.81407e-001
 5.620800000000e-004, 2.41206e-001
 5.630800000000e-004, 2.41206e-001
 5.640800000000e-004, 2.41206e-001
 5.650800000000e-004, 2.41206e-001
 5.660800000000e-004, 2.41206e-001
 5.670800000000e-004, 2.01005e-001
 5.680800000000e-004, 2.41206e-001
 5.690800000000e-004, 2.41206e-001
 5.700800000000e-004, 2.01005e-001
 5.710800000000e-004, 2.41206e-001
 5.720800000000e-004, 2.41206e-001
 5.730800000000e-004, 2.01005e-001
 5.740800000000e-004, 2.01005e-001
 5.750800000000e-004, 2.01005e-001
 5.760800000000e-004, 2.01005e-001
 5.770800000000e-004, 1.60804e-001
 5.780800000000e-004, 1.60804e-001
 5.790800000000e-004, 2.01005e-001
 5.800800000000e-004, 1.60804e-001
 5.810800000000e-004, 1.60804e-001
 5.820800000000e-004, 1.20603e-001
 5.830800000000e-004, 1.20603e-001
 5.840800000000e-004, 1.20603e-001
 5.850800000000e-004, 8.04020e-002
 5.860800000000e-004, 4.02010e-002
 5.870800000000e-004, 8.04020e-002
 5.880800000000e-004, 4.02010e-002
 5.890800000000e-004, 4.02010e-002
 5.900800000000e-004, 0.00000e+000
 5.910800000000e-004, 4.02010e-002
 5.920800000000e-004, 0.00000e+000
 5.930800000000e-004, 0.00000e+000
 5.940800000000e-004,-4.02010e-002
 5.950800000000e-004,-4.02010e-002
 5.960800000000e-004,-8.04020e-002
 5.970800000000e-004,-8.04020e-002
 5.980800000000e-004,-8.04020e-002
 5.990800000000e-004,-1.20603e-001
 6.000800000000e-004,-1.60804e-001
 6.010800000000e-004,-1.60804e-001
 6.020800000000e-004,-1.60804e-001
 6.030800000000e-004,-1.60804e-001
 6.040800000000e-004,-2.01005e-001
 6.050800000000e-004,-2.01005e-001
 6.060800000000e-004,-2.41206e-001
 6.070800000000e-004,-2.41206e-001
 6.080800000000e-004,-2.81407e-001
 6.090800000000e-004,-2.41206e-001
 6.100800000000e-004,-2.81407e-001
 6.110800000000e-004,-2.81407e-001
 6.120800000000e-004,-2.81407e-001
 6.130800000000e-004,-3.61809e-001
 6.140800000000e-004,-3.21608e-001
 6.150800000000e-004,-3.61809e-001
 6.160800000000e-004,-3.61809e-001
 6.170800000000e-004,-3.61809e-001
 6.180800000000e-004,-4.02010e-001
 6.190800000000e-004,-4.02010e-001
 6.200800000000e-004,-4.02010e-001
 6.210800000000e-004,-4.02010e-001
 6.220800000000e-004,-4.42211e-001
 6.230800000000e-004,-4.42211e-001
 6.240800000000e-004,-4.82412e-001
 6.250800000000e-004,-5.22613e-001
 6.260800000000e-004,-5.62814e-001
 6.270800000000e-004,-5.22613e-001
 6.280800000000e-004,-5.22613e-001
 6.290800000000e-004,-5.22613e-001
 6.300800000000e-004,-5.22613e-001
 6.310800000000e-004,-5.62814e-001
 6.320800000000e-004,-5.62814e-001
 6.330800000000e-004,-5.62814e-001
 6.340800000000e-004,-6.03015e-001
 6.350800000000e-004,-6.03015e-001
 6.360800000000e-004,-6.03015e-001
 6.370800000000e-004,-6.83417e-001
 6.380800000000e-004,-6.43216e-001
 6.390800000000e-004,-6.43216e-001
 6.400800000000e-004,-6.43216e-001
 6.410800000000e-004,-6.83417e-001
 6.420800000000e-004,-6.83417e-001
 6.430800000000e-004,-6.83417e-001
 6.440800000000e-004,-7.23618e-001
 6.450800000000e-004,-7.23618e-001
 6.460800000000e-004,-7.63819e-001
 6.470800000000e-004,-7.63819e-001
 6.480800000000e-004,-7.63819e-001
 6.490800000000e-004,-7.63819e-001
 6.500800000000e-004,-7.63819e-001
 6.510800000000e-004,-8.04020e-001
 6.520800000000e-004,-7.63819e-001
 6.530800000000e-004,-8.44221e-001
 6.540800000000e-004,-8.04020e-001
 6.550800000000e-004,-8.44221e-001
 6.560800000000e-004,-8.84422e-001
 6.570800000000e-004,-8.84422e-001
 6.580800000000e-004,-9.24623e-001
 6.590800000000e-004,-8.44221e-001
 6.600800000000e-004,-8.84422e-001
 6.610800000000e-004,-9.24623e-001
 6.620800000000e-004,-8.84422e-001
 6.630800000000e-004,-9.24623e-001
 6.640800000000e-004,-9.24623e-001
 6.650800000000e-004,-9.24623e-001
 6.660800000000e-004,-9.24623e-001
 6.670800000000e-004,-9.64824e-001
 6.680800000000e-004,-9.64824e-001
 6.690800000000e-004,-9.64824e-001
 6.700800000000e-004,-1.00503e+000
 6.710800000000e-004,-9.64824e-001
 6.720800000000e-004,-1.00503e+000
 6.730800000000e-004,-1.04523e+000
 6.740800000000e-004,-1.00503e+000
 6.750800000000e-004,-1.00503e+000
 6.760800000000e-004,-1.08543e+000
 6.770800000000e-004,-1.04523e+000
 6.780800000000e-004,-1.08543e+000
 6.790800000000e-004,-1.08543e+000
 6.800800000000e-004,-1.04523e+000
 6.810800000000e-004,-1.08543e+000
 6.820800000000e-004,-1.08543e+000
 6.830800000000e-004,-1.08543e+000
 6.840800000000e-004,-1.08543e+000
 6.850800000000e-004,-1.04523e+000
 6.860800000000e-004,-1.12563e+000
 6.870800000000e-004,-1.12563e+000
 6.880800000000e-004,-1.12563e+000
 6.890800000000e-004,-1.12563e+000
 6.900800000000e-004,-1.12563e+000
 6.910800000000e-004,-1.12563e+000
 6.920800000000e-004,-1.12563e+000
 6.930800000000e-004,-1.16583e+000
 6.940800000000e-004,-1.16583e+000
 6.950800000000e-004,-1.16583e+000
 6.960800000000e-004,-1.16583e+000
 6.970800000000e-004,-1.20603e+000
 6.980800000000e-004,-1.20603e+000
 6.990800000000e-004,-1.20603e+000
 7.000800000000e-004,-1.20603e+000
 7.010800000000e-004,-1.20603e+000
 7.020800000000e-004,-1.24623e+000
 7.030800000000e-004,-1.20603e+000
 7.040800000000e-004,-1.20603e+000
 7.050800000000e-004,-1.24623e+000
 7.060800000000e-004,-1.20603e+000
 7.070800000000e-004,-1.24623e+000
 7.080800000000e-004,-1.24623e+000
 7.090800000000e-004,-1.24623e+000
 7.100800000000e-004,-1.24623e+000
 7.110800000000e-004,-1.20603e+000
 7.120800000000e-004,-1.24623e+000
 7.130800000000e-004,-1.28643e+000
 7.140800000000e-004,-1.28643e+000
 7.150800000000e-004,-1.32663e+000
 7.160800000000e-004,-1.28643e+000
 7.170800000000e-004,-1.24623e+000
 7.180800000000e-004,-1.28643e+000
 7.190800000000e-004,-1.24623e+000
 7.200800000000e-004,-1.28643e+000
 7.210800000000e-004,-1.32663e+000
 7.220800000000e-004,-1.28643e+000
 7.230800000000e-004,-1.32663e+000
 7.240800000000e-004,-1.32663e+000
 7.250800000000e-004,-1.32663e+000
 7.260800000000e-004,-1.32663e+000
 7.270800000000e-004,-1.32663e+000
 7.280800000000e-004,-1.28643e+000
 7.290800000000e-004,-1.28643e+000
 7.300800000000e-004,-1.32663e+000
 7.310800000000e-004,-1.32663e+000
 7.320800000000e-004,-1.36683e+000
 7.330800000000e-004,-1.28643e+000
 7.340800000000e-004,-1.32663e+000
 7.350800000000e-004,-1.32663e+000
 7.360800000000e-004,-1.32663e+000
 7.370800000000e-004,-1.32663e+000
 7.380800000000e-004,-1.32663e+000
 7.390800000000e-004,-1.36683e+000
 7.400800000000e-004,-1.32663e+000
 7.410800000000e-004,-1.32663e+000
 7.420800000000e-004,-1.32663e+000
 7.430800000000e-004,-1.32663e+000
 7.440800000000e-004,-1.32663e+000
 7.450800000000e-004,-1.36683e+000
 7.460800000000e-004,-1.32663e+000
 7.470800000000e-004,-1.32663e+000
 7.480800000000e-004,-1.32663e+000
 7.490800000000e-004,-1.36683e+000
 7.500800000000e-004,-1.32663e+000
 7.510800000000e-004,-1.36683e+000
 7.520800000000e-004,-1.32663e+000
 7.530800000000e-004,-1.32663e+000
 7.540800000000e-004,-1.36683e+000
 7.550800000000e-004,-1.32663e+000
 7.560800000000e-004,-1.32663e+000
 7.570800000000e-004,-1.32663e+000
 7.580800000000e-004,-1.36683e+000
 7.590800000000e-004,-1.32663e+000
 7.600800000000e-004,-1.32663e+000
 7.610800000000e-004,-1.32663e+000
 7.620800000000e-004,-1.32663e+000
 7.630800000000e-004,-1.32663e+000
 7.640800000000e-004,-1.32663e+000
 7.650800000000e-004,-1.32663e+000
 7.660800000000e-004,-1.32663e+000
 7.670800000000e-004,-1.32663e+000
 7.680800000000e-004,-1.32663e+000
 7.690800000000e-004,-1.32663e+000
 7.700800000000e-004,-1.32663e+000
 7.710800000000e-004,-1.32663e+000
 7.720800000000e-004,-1.32663e+000
 7.730800000000e-004,-1.32663e+000
 7.740800000000e-004,-1.28643e+000
 7.750800000000e-004,-1.28643e+000
 7.760800000000e-004,-1.28643e+000
 7.770800000000e-004,-1.28643e+000
 7.780800000000e-004,-1.28643e+000
 7.790800000000e-004,-1.28643e+000
 7.800800000000e-004,-1.28643e+000
 7.810800000000e-004,-1.28643e+000
 7.820800000000e-004,-1.24623e+000
 7.830800000000e-004,-1.28643e+000
 7.840800000000e-004,-1.28643e+000
 7.850800000000e-004,-1.24623e+000
 7.860800000000e-004,-1.24623e+000
 7.870800000000e-004,-1.24623e+000
 7.880800000000e-004,-1.28643e+000
 7.890800000000e-004,-1.20603e+000
 7.900800000000e-004,-1.24623e+000
 7.910800000000e-004,-1.20603e+000
 7.920800000000e-004,-1.24623e+000
 7.930800000000e-004,-1.20603e+000
 7.940800000000e-004,-1.24623e+000
 7.950800000000e-004,-1.20603e+000
 7.960800000000e-004,-1.20603e+000
 7.970800000000e-004,-1.20603e+000
 7.980800000000e-004,-1.20603e+000
 7.990800000000e-004,-1.20603e+000
 8.000800000000e-004,-1.16583e+000
 8.010800000000e-004,-1.16583e+000
 8.020800000000e-004,-1.20603e+000
 8.030800000000e-004,-1.16583e+000
 8.040800000000e-004,-1.16583e+000
 8.050800000000e-004,-1.16583e+000
 8.060800000000e-004,-1.12563e+000
 8.070800000000e-004,-1.16583e+000
 8.080800000000e-004,-1.12563e+000
 8.090800000000e-004,-1.12563e+000
 8.100800000000e-004,-1.16583e+000
 8.110800000000e-004,-1.12563e+000
 8.120800000000e-004,-1.12563e+000
 8.130800000000e-004,-1.08543e+000
 8.140800000000e-004,-1.12563e+000
 8.150800000000e-004,-1.08543e+000
 8.160800000000e-004,-1.12563e+000
 8.170800000000e-004,-1.08543e+000
 8.180800000000e-004,-1.08543e+000
 8.190800000000e-004,-1.04523e+000
 8.200800000000e-004,-1.04523e+000
 8.210800000000e-004,-1.00503e+000
 8.220800000000e-004,-1.04523e+000
 8.230800000000e-004,-1.04523e+000
 8.240800000000e-004,-1.00503e+000
 8.250800000000e-004,-1.04523e+000
 8.260800000000e-004,-1.00503e+000
 8.270800000000e-004,-1.00503e+000
 8.280800000000e-004,-9.64824e-001
 8.290800000000e-004,-9.64824e-001
 8.300800000000e-004,-9.64824e-001
 8.310800000000e-004,-1.00503e+000
 8.320800000000e-004,-9.24623e-001
 8.330800000000e-004,-9.24623e-001
 8.340800000000e-004,-9.24623e-001
 8.350800000000e-004,-9.24623e-001
 8.360800000000e-004,-9.24623e-001
 8.370800000000e-004,-8.84422e-001
 8.380800000000e-004,-8.84422e-001
 8.390800000000e-004,-8.84422e-001
 8.400800000000e-004,-8.84422e-001
 8.410800000000e-004,-8.44221e-001
 8.420800000000e-004,-8.04020e-001
 8.430800000000e-004,-8.04020e-001
 8.440800000000e-004,-8.04020e-001
 8.450800000000e-004,-8.44221e-001
 8.460800000000e-004,-8.04020e-001
 8.470800000000e-004,-8.04020e-001
 8.480800000000e-004,-8.04020e-001
 8.490800000000e-004,-8.04020e-001
 8.500800000000e-004,-7.23618e-001
 8.510800000000e-004,-7.63819e-001
 8.520800000000e-004,-7.63819e-001
 8.530800000000e-004,-6.83417e-001
 8.540800000000e-004,-6.83417e-001
 8.550800000000e-004,-6.83417e-001
 8.560800000000e-004,-7.23618e-001
 8.570800000000e-004,-6.83417e-001
 8.580800000000e-004,-6.83417e-001
 8.590800000000e-004,-6.43216e-001
 8.600800000000e-004,-6.83417e-001
 8.610800000000e-004,-6.43216e-001
 8.620800000000e-004,-6.43216e-001
 8.630800000000e-004,-6.03015e-001
 8.640800000000e-004,-6.03015e-001
 8.650800000000e-004,-5.62814e-001
 8.660800000000e-004,-5.22613e-001
 8.670800000000e-004,-5.62814e-001
 8.680800000000e-004,-5.62814e-001
 8.690800000000e-004,-5.62814e-001
 8.700800000000e-004,-5.22613e-001
 8.710800000000e-004,-4.82412e-001
 8.720800000000e-004,-5.22613e-001
 8.730800000000e-004,-4.82412e-001
 8.740800000000e-004,-4.42211e-001
 8.750800000000e-004,-4.42211e-001
 8.760800000000e-004,-4.42211e-001
 8.770800000000e-004,-4.42211e-001
 8.780800000000e-004,-4.02010e-001
 8.790800000000e-004,-4.02010e-001
 8.800800000000e-004,-4.02010e-001
 8.810800000000e-004,-3.61809e-001
 8.820800000000e-004,-4.02010e-001
 8.830800000000e-004,-3.61809e-001
 8.840800000000e-004,-3.21608e-001
 8.850800000000e-004,-3.21608e-001
 8.860800000000e-004,-2.81407e-001
 8.870800000000e-004,-2.81407e-001
 8.880800000000e-004,-2.81407e-001
 8.890800000000e-004,-2.41206e-001
 8.900800000000e-004,-2.81407e-001
 8.910800000000e-004,-2.01005e-001
 8.920800000000e-004,-2.01005e-001
 8.930800000000e-004,-2.01005e-001
 8.940800000000e-004,-1.60804e-001
 8.950800000000e-004,-1.60804e-001
 8.960800000000e-004,-2.01005e-001
 8.970800000000e-004,-1.60804e-001
 8.980800000000e-004,-1.20603e-001
 8.990800000000e-004,-1.20603e-001
 9.000800000000e-004,-8.04020e-002
 9.010800000000e-004,-8.04020e-002
 9.020800000000e-004,-8.04020e-002
 9.030800000000e-004,-4.02010e-002
 9.040800000000e-004, 0.00000e+000
 9.050800000000e-004, 0.00000e+000
 9.060800000000e-004, 4.02010e-002
 9.070800000000e-004, 4.02010e-002
 9.080800000000e-004, 4.02010e-002
 9.090800000000e-004, 4.02010e-002
 9.100800000000e-004, 0.00000e+000
 9.110800000000e-004, 4.02010e-002
 9.120800000000e-004, 8.04020e-002
 9.130800000000e-004, 1.20603e-001
 9.140800000000e-004, 8.04020e-002
 9.150800000000e-004, 1.20603e-001
 9.160800000000e-004, 1.60804e-001
 9.170800000000e-004, 1.60804e-001
 9.180800000000e-004, 1.60804e-001
 9.190800000000e-004, 1.60804e-001
 9.200800000000e-004, 2.01005e-001
 9.210800000000e-004, 2.01005e-001
 9.220800000000e-004, 2.01005e-001
 9.230800000000e-004, 2.01005e-001
 9.240800000000e-004, 2.41206e-001
 9.250800000000e-004, 2.01005e-001
 9.260800000000e-004, 2.01005e-001
 9.270800000000e-004, 2.41206e-001
 9.280800000000e-004, 2.01005e-001
 9.290800000000e-004, 2.81407e-001
 9.300800000000e-004, 2.41206e-001
 9.310800000000e-004, 2.41206e-001
 9.320800000000e-004, 2.41206e-001
 9.330800000000e-004, 2.81407e-001
 9.340800000000e-004, 2.81407e-001
 9.350800000000e-004, 2.41206e-001
 9.360800000000e-004, 2.81407e-001
 9.370800000000e-004, 2.41206e-001
 9.380800000000e-004, 2.81407e-001
 9.390800000000e-004, 2.81407e-001
 9.400800000000e-004, 2.41206e-001
 9.410800000000e-004, 2.81407e-001
 9.420800000000e-004, 2.81407e-001
 9.430800000000e-004, 2.81407e-001
 9.440800000000e-004, 2.81407e-001
 9.450800000000e-004, 2.81407e-001
 9.460800000000e-004, 2.81407e-001
 9.470800000000e-004, 3.21608e-001
 9.480800000000e-004, 2.81407e-001
 9.490800000000e-004, 2.81407e-001
 9.500800000000e-004, 3.21608e-001
 9.510800000000e-004, 2.81407e-001
 9.520800000000e-004, 2.81407e-001
 9.530800000000e-004, 2.81407e-001
 9.540800000000e-004, 3.21608e-001
 9.550800000000e-004, 3.21608e-001
 9.560800000000e-004, 2.81407e-001
 9.570800000000e-004, 3.21608e-001
 9.580800000000e-004, 2.81407e-001
 9.590800000000e-004, 3.21608e-001
 9.600800000000e-004, 3.61809e-001
 9.610800000000e-004, 3.61809e-001
 9.620800000000e-004, 3.21608e-001
 9.630800000000e-004, 3.21608e-001
 9.640800000000e-004, 3.61809e-001
 9.650800000000e-004, 3.21608e-001
 9.660800000000e-004, 2.81407e-001
 9.670800000000e-004, 3.21608e-001
 9.680800000000e-004, 3.61809e-001
 9.690800000000e-004, 3.21608e-001
 9.700800000000e-004, 3.21608e-001
 9.710800000000e-004, 3.21608e-001
 9.720800000000e-004, 3.61809e-001
 9.730800000000e-004, 3.61809e-001
 9.740800000000e-004, 3.21608e-001
 9.750800000000e-004, 3.61809e-001
 9.760800000000e-004, 3.21608e-001
 9.770800000000e-004, 3.21608e-001
 9.780800000000e-004, 3.21608e-001
 9.790800000000e-004, 3.61809e-001
 9.800800000000e-004, 3.61809e-001
 9.810800000000e-004, 3.61809e-001
 9.820800000000e-004, 3.61809e-001
 9.830800000000e-004, 3.61809e-001
 9.840800000000e-004, 3.21608e-001
 9.850800000000e-004, 3.21608e-001
 9.860800000000e-004, 3.61809e-001
 9.870800000000e-004, 3.21608e-001
 9.880800000000e-004, 3.21608e-001
 9.890800000000e-004, 3.61809e-001
 9.900800000000e-004, 3.61809e-001
 9.910800000000e-004, 3.61809e-001
 9.920800000000e-004, 3.61809e-001
 9.930800000000e-004, 3.21608e-001
 9.940800000000e-004, 3.21608e-001
 9.950800000000e-004, 3.61809e-001
 9.960800000000e-004, 3.61809e-001
 9.970800000000e-004, 2.81407e-001
 9.980800000000e-004, 3.61809e-001
 9.990800000000e-004, 3.61809e-001
 1.000080000000e-003, 4.02010e-001
 1.001080000000e-003, 4.02010e-001
 1.002080000000e-003, 3.61809e-001
 1.003080000000e-003, 3.61809e-001
 1.004080000000e-003, 3.21608e-001
 1.005080000000e-003, 3.61809e-001
 1.006080000000e-003, 3.61809e-001
 1.007080000000e-003, 3.61809e-001
 1.008080000000e-003, 3.61809e-001
 1.009080000000e-003, 3.61809e-001
 1.010080000000e-003, 3.61809e-001
 1.011080000000e-003, 4.02010e-001
 1.012080000000e-003, 4.02010e-001
 1.013080000000e-003, 3.61809e-001
 1.014080000000e-003, 3.61809e-001
 1.015080000000e-003, 4.02010e-001
 1.016080000000e-003, 3.61809e-001
 1.017080000000e-003, 3.61809e-001
 1.018080000000e-003, 4.02010e-001
 1.019080000000e-003, 3.61809e-001
 1.020080000000e-003, 3.61809e-001
 1.021080000000e-003, 3.61809e-001
 1.022080000000e-003, 3.61809e-001
 1.023080000000e-003, 3.61809e-001
 1.024080000000e-003, 4.02010e-001
 1.025080000000e-003, 3.61809e-001
 1.026080000000e-003, 4.02010e-001
 1.027080000000e-003, 4.02010e-001
 1.028080000000e-003, 4.02010e-001
 1.029080000000e-003, 3.21608e-001
 1.030080000000e-003, 4.02010e-001
 1.031080000000e-003, 3.61809e-001
 1.032080000000e-003, 4.02010e-001
 1.033080000000e-003, 4.02010e-001
 1.034080000000e-003, 4.02010e-001
 1.035080000000e-003, 3.61809e-001
 1.036080000000e-003, 3.61809e-001
 1.037080000000e-003, 4.02010e-001
 1.038080000000e-003, 4.02010e-001
 1.039080000000e-003, 3.61809e-001
 1.040080000000e-003, 4.02010e-001
 1.041080000000e-003, 3.61809e-001
 1.042080000000e-003, 3.61809e-001
 1.043080000000e-003, 4.02010e-001
 1.044080000000e-003, 4.02010e-001
 1.045080000000e-003, 4.02010e-001
 1.046080000000e-003, 4.02010e-001
 1.047080000000e-003, 4.02010e-001
 1.048080000000e-003, 4.02010e-001
 1.049080000000e-003, 4.02010e-001
 1.050080000000e-003, 4.02010e-001
 1.051080000000e-003, 4.02010e-001
 1.052080000000e-003, 4.02010e-001
 1.053080000000e-003, 4.02010e-001
 1.054080000000e-003, 4.02010e-001
 1.055080000000e-003, 4.02010e-001
 1.056080000000e-003, 3.61809e-001
 1.057080000000e-003, 3.61809e-001
 1.058080000000e-003, 3.61809e-001
 1.059080000000e-003, 4.02010e-001
 1.060080000000e-003, 4.02010e-001
 1.061080000000e-003, 3.61809e-001
 1.062080000000e-003, 4.02010e-001
 1.063080000000e-003, 4.02010e-001
 1.064080000000e-003, 3.61809e-001
 1.065080000000e-003, 4.02010e-001
 1.066080000000e-003, 3.61809e-001
 1.067080000000e-003, 4.02010e-001
 1.068080000000e-003, 4.02010e-001
 1.069080000000e-003, 4.02010e-001
 1.070080000000e-003, 4.02010e-001
 1.071080000000e-003, 4.02010e-001
 1.072080000000e-003, 4.02010e-001
 1.073080000000e-003, 4.02010e-001
 1.074080000000e-003, 4.02010e-001
 1.075080000000e-003, 4.42211e-001
 1.076080000000e-003, 4.42211e-001
 1.077080000000e-003, 4.02010e-001
 1.078080000000e-003, 3.61809e-001
 1.079080000000e-003, 4.02010e-001
 1.080080000000e-003, 3.61809e-001
 1.081080000000e-003, 3.61809e-001
 1.082080000000e-003, 4.02010e-001
 1.083080000000e-003, 4.42211e-001
 1.084080000000e-003, 4.02010e-001
 1.085080000000e-003, 4.02010e-001
 1.086080000000e-003, 4.02010e-001
 1.087080000000e-003, 4.02010e-001
 1.088080000000e-003, 4.02010e-001
 1.089080000000e-003, 4.02010e-001
 1.090080000000e-003, 4.02010e-001
 1.091080000000e-003, 4.02010e-001
 1.092080000000e-003, 4.42211e-001
 1.093080000000e-003, 3.61809e-001
 1.094080000000e-003, 4.02010e-001
 1.095080000000e-003, 4.42211e-001
 1.096080000000e-003, 3.61809e-001
 1.097080000000e-003, 4.02010e-001
 1.098080000000e-003, 4.02010e-001
 1.099080000000e-003, 4.02010e-001
 1.100080000000e-003, 4.02010e-001
 1.101080000000e-003, 4.02010e-001
 1.102080000000e-003, 4.42211e-001
 1.103080000000e-003, 3.61809e-001
 1.104080000000e-003, 4.42211e-001
 1.105080000000e-003, 4.02010e-001
 1.106080000000e-003, 4.02010e-001
 1.107080000000e-003, 3.61809e-001
 1.108080000000e-003, 4.42211e-001
 1.109080000000e-003, 4.02010e-001
 1.110080000000e-003, 4.02010e-001
 1.111080000000e-003, 4.02010e-001
 1.112080000000e-003, 4.02010e-001
 1.113080000000e-003, 4.42211e-001
 1.114080000000e-003, 4.02010e-001
 1.115080000000e-003, 4.02010e-001
 1.116080000000e-003, 4.02010e-001
 1.117080000000e-003, 4.02010e-001
 1.118080000000e-003, 4.02010e-001
 1.119080000000e-003, 4.02010e-001
 1.120080000000e-003, 4.02010e-001
 1.121080000000e-003, 4.42211e-001
 1.122080000000e-003, 4.42211e-001
 1.123080000000e-003, 4.42211e-001
 1.124080000000e-003, 4.02010e-001
 1.125080000000e-003, 4.02010e-001
 1.126080000000e-003, 4.02010e-001
 1.127080000000e-003, 4.02010e-001
 1.128080000000e-003, 4.02010e-001
 1.129080000000e-003, 4.02010e-001
 1.130080000000e-003, 4.42211e-001
 1.131080000000e-003, 4.02010e-001
 1.132080000000e-003, 4.42211e-001
 1.133080000000e-003, 4.02010e-001
 1.134080000000e-003, 4.42211e-001
 1.135080000000e-003, 4.42211e-001
 1.136080000000e-003, 4.42211e-001
 1.137080000000e-003, 4.02010e-001
 1.138080000000e-003, 4.02010e-001
 1.139080000000e-003, 4.42211e-001
 1.140080000000e-003, 4.02010e-001
 1.141080000000e-003, 4.02010e-001
 1.142080000000e-003, 4.02010e-001
 1.143080000000e-003, 4.42211e-001
 1.144080000000e-003, 4.02010e-001
 1.145080000000e-003, 4.42211e-001
 1.146080000000e-003, 4.02010e-001
 1.147080000000e-003, 4.02010e-001
 1.148080000000e-003, 4.42211e-001
 1.149080000000e-003, 4.42211e-001
 1.150080000000e-003, 4.02010e-001
 1.151080000000e-003, 4.42211e-001
 1.152080000000e-003, 4.02010e-001
 1.153080000000e-003, 4.42211e-001
 1.154080000000e-003, 4.42211e-001
 1.155080000000e-003, 4.42211e-001
 1.156080000000e-003, 4.02010e-001
 1.157080000000e-003, 4.02010e-001
 1.158080000000e-003, 4.02010e-001
 1.159080000000e-003, 4.02010e-001
 1.160080000000e-003, 4.02010e-001
 1.161080000000e-003, 4.02010e-001
 1.162080000000e-003, 4.02010e-001
 1.163080000000e-003, 4.02010e-001
 1.164080000000e-003, 4.02010e-001
 1.165080000000e-003, 4.42211e-001
 1.166080000000e-003, 4.02010e-001
 1.167080000000e-003, 4.02010e-001
 1.168080000000e-003, 4.02010e-001
 1.169080000000e-003, 4.42211e-001
 1.170080000000e-003, 4.02010e-001
 1.171080000000e-003, 4.42211e-001
 1.172080000000e-003, 4.02010e-001
 1.173080000000e-003, 4.02010e-001
 1.174080000000e-003, 4.42211e-001
 1.175080000000e-003, 4.42211e-001
 1.176080000000e-003, 4.02010e-001
 1.177080000000e-003, 4.02010e-001
 1.178080000000e-003, 4.42211e-001
 1.179080000000e-003, 4.42211e-001
 1.180080000000e-003, 4.42211e-001
 1.181080000000e-003, 4.02010e-001
 1.182080000000e-003, 4.02010e-001
 1.183080000000e-003, 4.02010e-001
 1.184080000000e-003, 4.42211e-001
 1.185080000000e-003, 4.42211e-001
 1.186080000000e-003, 4.02010e-001
 1.187080000000e-003, 4.02010e-001
 1.188080000000e-003, 4.02010e-001
 1.189080000000e-003, 4.02010e-001
 1.190080000000e-003, 4.02010e-001
 1.191080000000e-003, 4.42211e-001
 1.192080000000e-003, 4.42211e-001
 1.193080000000e-003, 4.02010e-001
 1.194080000000e-003, 4.02010e-001
 1.195080000000e-003, 4.02010e-001
 1.196080000000e-003, 4.42211e-001
 1.197080000000e-003, 4.02010e-001
 1.198080000000e-003, 4.02010e-001
 1.199080000000e-003, 4.02010e-001
 1.200080000000e-003, 4.02010e-001
 1.201080000000e-003, 4.42211e-001
 1.202080000000e-003, 4.42211e-001
 1.203080000000e-003, 4.02010e-001
 1.204080000000e-003, 4.42211e-001
 1.205080000000e-003, 4.02010e-001
 1.206080000000e-003, 4.02010e-001
 1.207080000000e-003, 4.02010e-001
 1.208080000000e-003, 4.02010e-001
 1.209080000000e-003, 4.42211e-001
 1.210080000000e-003, 4.42211e-001
 1.211080000000e-003, 4.82412e-001
 1.212080000000e-003, 4.42211e-001
 1.213080000000e-003, 4.02010e-001
 1.214080000000e-003, 4.42211e-001
 1.215080000000e-003, 4.42211e-001
 1.216080000000e-003, 4.02010e-001
 1.217080000000e-003, 4.02010e-001
 1.218080000000e-003, 4.02010e-001
 1.219080000000e-003, 4.42211e-001
 1.220080000000e-003, 4.02010e-001
 1.221080000000e-003, 4.42211e-001
 1.222080000000e-003, 4.02010e-001
 1.223080000000e-003, 4.02010e-001
 1.224080000000e-003, 4.02010e-001
 1.225080000000e-003, 4.42211e-001
 1.226080000000e-003, 4.02010e-001
 1.227080000000e-003, 4.02010e-001
 1.228080000000e-003, 4.02010e-001
 1.229080000000e-003, 4.42211e-001
 1.230080000000e-003, 4.42211e-001
 1.231080000000e-003, 4.02010e-001
 1.232080000000e-003, 3.61809e-001
 1.233080000000e-003, 4.02010e-001
 1.234080000000e-003, 4.42211e-001
 1.235080000000e-003, 4.42211e-001
 1.236080000000e-003, 4.02010e-001
 1.237080000000e-003, 4.02010e-001
 1.238080000000e-003, 4.42211e-001
 1.239080000000e-003, 4.42211e-001
 1.240080000000e-003, 4.42211e-001
 1.241080000000e-003, 4.02010e-001
 1.242080000000e-003, 4.42211e-001
 1.243080000000e-003, 4.02010e-001
 1.244080000000e-003, 4.02010e-001
 1.245080000000e-003, 4.42211e-001
 1.246080000000e-003, 4.02010e-001
 1.247080000000e-003, 4.02010e-001
 1.248080000000e-003, 4.02010e-001
 1.249080000000e-003, 4.02010e-001
 1.250080000000e-003, 4.42211e-001
 1.251080000000e-003, 4.02010e-001
 1.252080000000e-003, 4.02010e-001
 1.253080000000e-003, 4.02010e-001
 1.254080000000e-003, 4.02010e-001
 1.255080000000e-003, 4.02010e-001
 1.256080000000e-003, 4.42211e-001
 1.257080000000e-003, 3.61809e-001
 1.258080000000e-003, 4.02010e-001
 1.259080000000e-003, 4.02010e-001
 1.260080000000e-003, 4.02010e-001
 1.261080000000e-003, 4.42211e-001
 1.262080000000e-003, 4.02010e-001
 1.263080000000e-003, 4.42211e-001
 1.264080000000e-003, 3.61809e-001
 1.265080000000e-003, 4.42211e-001
 1.266080000000e-003, 4.02010e-001
 1.267080000000e-003, 4.02010e-001
 1.268080000000e-003, 4.02010e-001
 1.269080000000e-003, 4.42211e-001
 1.270080000000e-003, 4.02010e-001
 1.271080000000e-003, 4.02010e-001
 1.272080000000e-003, 4.42211e-001
 1.273080000000e-003, 4.42211e-001
 1.274080000000e-003, 4.42211e-001
 1.275080000000e-003, 4.42211e-001
 1.276080000000e-003, 4.42211e-001
 1.277080000000e-003, 4.42211e-001
 1.278080000000e-003, 4.02010e-001
 1.279080000000e-003, 4.02010e-001
 1.280080000000e-003, 4.42211e-001
 1.281080000000e-003, 4.42211e-001
 1.282080000000e-003, 4.02010e-001
 1.283080000000e-003, 4.42211e-001
 1.284080000000e-003, 4.02010e-001
 1.285080000000e-003, 4.02010e-001
 1.286080000000e-003, 4.02010e-001
 1.287080000000e-003, 4.42211e-001
 1.288080000000e-003, 4.02010e-001
 1.289080000000e-003, 4.02010e-001
 1.290080000000e-003, 4.42211e-001
 1.291080000000e-003, 4.02010e-001
 1.292080000000e-003, 4.02010e-001
 1.293080000000e-003, 4.02010e-001
 1.294080000000e-003, 4.02010e-001
 1.295080000000e-003, 4.02010e-001
 1.296080000000e-003, 4.02010e-001
 1.297080000000e-003, 4.42211e-001
 1.298080000000e-003, 4.42211e-001
 1.299080000000e-003, 4.42211e-001
 1.300080000000e-003, 4.02010e-001
 1.301080000000e-003, 4.02010e-001
 1.302080000000e-003, 4.42211e-001
 1.303080000000e-003, 4.02010e-001
 1.304080000000e-003, 4.02010e-001
 1.305080000000e-003, 4.02010e-001
 1.306080000000e-003, 4.42211e-001
 1.307080000000e-003, 4.02010e-001
 1.308080000000e-003, 4.02010e-001
 1.309080000000e-003, 4.02010e-001
 1.310080000000e-003, 4.02010e-001
 1.311080000000e-003, 4.02010e-001
 1.312080000000e-003, 4.02010e-001
 1.313080000000e-003, 4.02010e-001
 1.314080000000e-003, 4.02010e-001
 1.315080000000e-003, 4.02010e-001
 1.316080000000e-003, 4.02010e-001
 1.317080000000e-003, 4.02010e-001
 1.318080000000e-003, 4.02010e-001
 1.319080000000e-003, 4.42211e-001
 1.320080000000e-003, 4.02010e-001
 1.321080000000e-003, 4.02010e-001
 1.322080000000e-003, 4.02010e-001
 1.323080000000e-003, 4.02010e-001
 1.324080000000e-003, 4.42211e-001
 1.325080000000e-003, 4.42211e-001
 1.326080000000e-003, 4.02010e-001
 1.327080000000e-003, 4.42211e-001
 1.328080000000e-003, 4.02010e-001
 1.329080000000e-003, 4.42211e-001
 1.330080000000e-003, 4.02010e-001
 1.331080000000e-003, 3.61809e-001
 1.332080000000e-003, 4.42211e-001
 1.333080000000e-003, 4.02010e-001
 1.334080000000e-003, 4.02010e-001
 1.335080000000e-003, 4.02010e-001
 1.336080000000e-003, 4.02010e-001
 1.337080000000e-003, 4.42211e-001
 1.338080000000e-003, 4.02010e-001
 1.339080000000e-003, 4.42211e-001
 1.340080000000e-003, 4.42211e-001
 1.341080000000e-003, 4.02010e-001
 1.342080000000e-003, 4.02010e-001
 1.343080000000e-003, 4.02010e-001
 1.344080000000e-003, 4.42211e-001
 1.345080000000e-003, 3.61809e-001
 1.346080000000e-003, 4.42211e-001
 1.347080000000e-003, 4.02010e-001
 1.348080000000e-003, 4.42211e-001
 1.349080000000e-003, 4.02010e-001
 1.350080000000e-003, 4.02010e-001
 1.351080000000e-003, 4.02010e-001
 1.352080000000e-003, 4.02010e-001
 1.353080000000e-003, 4.02010e-001
 1.354080000000e-003, 4.42211e-001
 1.355080000000e-003, 4.02010e-001
 1.356080000000e-003, 4.02010e-001
 1.357080000000e-003, 4.02010e-001
 1.358080000000e-003, 4.02010e-001
 1.359080000000e-003, 3.61809e-001
 1.360080000000e-003, 4.02010e-001
 1.361080000000e-003, 4.02010e-001
 1.362080000000e-003, 4.42211e-001
 1.363080000000e-003, 4.02010e-001
 1.364080000000e-003, 4.02010e-001
 1.365080000000e-003, 4.02010e-001
 1.366080000000e-003, 4.42211e-001
 1.367080000000e-003, 4.02010e-001
 1.368080000000e-003, 4.02010e-001
 1.369080000000e-003, 4.02010e-001
 1.370080000000e-003, 4.02010e-001
 1.371080000000e-003, 4.02010e-001
 1.372080000000e-003, 4.02010e-001
 1.373080000000e-003, 4.02010e-001
 1.374080000000e-003, 4.02010e-001
 1.375080000000e-003, 4.42211e-001
 1.376080000000e-003, 4.42211e-001
 1.377080000000e-003, 4.02010e-001
 1.378080000000e-003, 3.61809e-001
 1.379080000000e-003, 3.61809e-001
 1.380080000000e-003, 4.02010e-001
 1.381080000000e-003, 4.02010e-001
 1.382080000000e-003, 4.02010e-001
 1.383080000000e-003, 4.02010e-001
 1.384080000000e-003, 3.61809e-001
 1.385080000000e-003, 4.02010e-001
 1.386080000000e-003, 4.42211e-001
 1.387080000000e-003, 4.02010e-001
 1.388080000000e-003, 4.02010e-001
 1.389080000000e-003, 4.02010e-001
 1.390080000000e-003, 4.02010e-001
 1.391080000000e-003, 4.02010e-001
 1.392080000000e-003, 4.02010e-001
 1.393080000000e-003, 4.02010e-001
 1.394080000000e-003, 4.02010e-001
 1.395080000000e-003, 4.02010e-001
 1.396080000000e-003, 4.02010e-001
 1.397080000000e-003, 4.02010e-001
 1.398080000000e-003, 4.02010e-001
 1.399080000000e-003, 4.02010e-001
 1.400080000000e-003, 4.02010e-001
 1.401080000000e-003, 4.02010e-001
 1.402080000000e-003, 4.02010e-001
 1.403080000000e-003, 4.02010e-001
 1.404080000000e-003, 4.02010e-001
 1.405080000000e-003, 4.02010e-001
 1.406080000000e-003, 4.02010e-001
 1.407080000000e-003, 4.02010e-001
 1.408080000000e-003, 4.02010e-001
 1.409080000000e-003, 4.02010e-001
 1.410080000000e-003, 3.61809e-001
 1.411080000000e-003, 4.02010e-001
 1.412080000000e-003, 4.02010e-001
 1.413080000000e-003, 4.02010e-001
 1.414080000000e-003, 4.02010e-001
 1.415080000000e-003, 3.61809e-001
 1.416080000000e-003, 3.61809e-001
 1.417080000000e-003, 4.02010e-001
 1.418080000000e-003, 3.61809e-001
 1.419080000000e-003, 4.02010e-001
 1.420080000000e-003, 4.02010e-001
 1.421080000000e-003, 3.61809e-001
 1.422080000000e-003, 4.02010e-001
 1.423080000000e-003, 4.02010e-001
 1.424080000000e-003, 4.02010e-001
 1.425080000000e-003, 3.61809e-001
 1.426080000000e-003, 4.02010e-001
 1.427080000000e-003, 4.02010e-001
 1.428080000000e-003, 4.02010e-001
 1.429080000000e-003, 4.02010e-001
 1.430080000000e-003, 4.02010e-001
 1.431080000000e-003, 3.61809e-001
 1.432080000000e-003, 3.61809e-001
 1.433080000000e-003, 3.61809e-001
 1.434080000000e-003, 4.02010e-001
 1.435080000000e-003, 3.61809e-001
 1.436080000000e-003, 3.61809e-001
 1.437080000000e-003, 4.02010e-001
 1.438080000000e-003, 3.61809e-001
 1.439080000000e-003, 3.21608e-001
 1.440080000000e-003, 4.02010e-001
 1.441080000000e-003, 3.61809e-001
 1.442080000000e-003, 4.02010e-001
 1.443080000000e-003, 3.61809e-001
 1.444080000000e-003, 3.21608e-001
 1.445080000000e-003, 3.61809e-001
 1.446080000000e-003, 4.02010e-001
 1.447080000000e-003, 4.02010e-001
 1.448080000000e-003, 3.61809e-001
 1.449080000000e-003, 3.21608e-001
 1.450080000000e-003, 3.21608e-001
 1.451080000000e-003, 3.61809e-001
 1.452080000000e-003, 4.02010e-001
 1.453080000000e-003, 3.61809e-001
 1.454080000000e-003, 4.02010e-001
 1.455080000000e-003, 3.61809e-001
 1.456080000000e-003, 3.61809e-001
 1.457080000000e-003, 3.61809e-001
 1.458080000000e-003, 3.61809e-001
 1.459080000000e-003, 4.02010e-001
 1.460080000000e-003, 3.21608e-001
 1.461080000000e-003, 3.61809e-001
 1.462080000000e-003, 4.02010e-001
 1.463080000000e-003, 3.61809e-001
 1.464080000000e-003, 3.61809e-001
 1.465080000000e-003, 3.61809e-001
 1.466080000000e-003, 3.21608e-001
 1.467080000000e-003, 3.61809e-001
 1.468080000000e-003, 3.61809e-001
 1.469080000000e-003, 3.61809e-001
 1.470080000000e-003, 4.02010e-001
 1.471080000000e-003, 3.61809e-001
 1.472080000000e-003, 3.61809e-001
 1.473080000000e-003, 3.61809e-001
 1.474080000000e-003, 3.61809e-001
 1.475080000000e-003, 3.21608e-001
 1.476080000000e-003, 3.61809e-001
 1.477080000000e-003, 3.61809e-001
 1.478080000000e-003, 3.61809e-001
 1.479080000000e-003, 3.61809e-001
 1.480080000000e-003, 3.21608e-001
 1.481080000000e-003, 3.61809e-001
 1.482080000000e-003, 3.61809e-001
 1.483080000000e-003, 3.61809e-001
 1.484080000000e-003, 3.61809e-001
 1.485080000000e-003, 3.61809e-001
 1.486080000000e-003, 3.21608e-001
 1.487080000000e-003, 3.61809e-001
 1.488080000000e-003, 3.61809e-001
 1.489080000000e-003, 3.61809e-001
 1.490080000000e-003, 3.61809e-001
 1.491080000000e-003, 3.61809e-001
 1.492080000000e-003, 3.61809e-001
 1.493080000000e-003, 3.61809e-001
 1.494080000000e-003, 3.61809e-001
 1.495080000000e-003, 3.21608e-001
 1.496080000000e-003, 3.61809e-001
 1.497080000000e-003, 3.21608e-001
 1.498080000000e-003, 3.21608e-001
 1.499080000000e-003, 3.21608e-001
 1.500080000000e-003, 3.61809e-001
 1.501080000000e-003, 3.61809e-001
 1.502080000000e-003, 4.02010e-001
 1.503080000000e-003, 3.61809e-001
 1.504080000000e-003, 3.21608e-001
 1.505080000000e-003, 3.61809e-001
 1.506080000000e-003, 3.21608e-001
 1.507080000000e-003, 3.21608e-001
 1.508080000000e-003, 3.21608e-001
 1.509080000000e-003, 3.61809e-001
 1.510080000000e-003, 3.21608e-001
 1.511080000000e-003, 3.21608e-001
 1.512080000000e-003, 3.21608e-001
 1.513080000000e-003, 3.61809e-001
 1.514080000000e-003, 3.61809e-001
 1.515080000000e-003, 3.21608e-001
 1.516080000000e-003, 3.21608e-001
 1.517080000000e-003, 3.61809e-001
 1.518080000000e-003, 3.21608e-001
 1.519080000000e-003, 3.21608e-001
 1.520080000000e-003, 2.81407e-001
 1.521080000000e-003, 3.21608e-001
 1.522080000000e-003, 3.21608e-001
 1.523080000000e-003, 3.21608e-001
 1.524080000000e-003, 3.21608e-001
 1.525080000000e-003, 3.21608e-001
 1.526080000000e-003, 3.21608e-001
 1.527080000000e-003, 3.21608e-001
 1.528080000000e-003, 2.81407e-001
 1.529080000000e-003, 3.21608e-001
 1.530080000000e-003, 3.21608e-001
 1.531080000000e-003, 2.81407e-001
 1.532080000000e-003, 3.21608e-001
 1.533080000000e-003, 2.81407e-001
 1.534080000000e-003, 2.81407e-001
 1.535080000000e-003, 3.61809e-001
 1.536080000000e-003, 3.21608e-001
 1.537080000000e-003, 3.21608e-001
 1.538080000000e-003, 2.81407e-001
 1.539080000000e-003, 3.21608e-001
 1.540080000000e-003, 2.81407e-001
 1.541080000000e-003, 2.81407e-001
 1.542080000000e-003, 3.21608e-001
 1.543080000000e-003, 2.81407e-001
 1.544080000000e-003, 3.21608e-001
 1.545080000000e-003, 2.81407e-001
 1.546080000000e-003, 2.81407e-001
 1.547080000000e-003, 2.81407e-001
 1.548080000000e-003, 2.41206e-001
 1.549080000000e-003, 3.21608e-001
 1.550080000000e-003, 2.81407e-001
 1.551080000000e-003, 2.81407e-001
 1.552080000000e-003, 2.81407e-001
 1.553080000000e-003, 2.81407e-001
 1.554080000000e-003, 2.81407e-001
 1.555080000000e-003, 2.41206e-001
 1.556080000000e-003, 2.81407e-001
 1.557080000000e-003, 2.81407e-001
 1.558080000000e-003, 2.81407e-001
 1.559080000000e-003, 2.41206e-001
 1.560080000000e-003, 2.41206e-001
 1.561080000000e-003, 2.41206e-001
 1.562080000000e-003, 2.01005e-001
 1.563080000000e-003, 2.41206e-001
 1.564080000000e-003, 2.41206e-001
 1.565080000000e-003, 2.01005e-001
 1.566080000000e-003, 2.41206e-001
 1.567080000000e-003, 2.41206e-001
 1.568080000000e-003, 2.41206e-001
 1.569080000000e-003, 2.41206e-001
 1.570080000000e-003, 2.41206e-001
 1.571080000000e-003, 2.01005e-001
 1.572080000000e-003, 2.01005e-001
 1.573080000000e-003, 1.60804e-001
 1.574080000000e-003, 2.01005e-001
 1.575080000000e-003, 2.01005e-001
 1.576080000000e-003, 1.60804e-001
 1.577080000000e-003, 2.01005e-001
 1.578080000000e-003, 2.01005e-001
 1.579080000000e-003, 1.60804e-001
 1.580080000000e-003, 1.60804e-001
 1.581080000000e-003, 1.20603e-001
 1.582080000000e-003, 1.20603e-001
 1.583080000000e-003, 1.60804e-001
 1.584080000000e-003, 8.04020e-002
 1.585080000000e-003, 8.04020e-002
 1.586080000000e-003, 4.02010e-002
 1.587080000000e-003, 8.04020e-002
 1.588080000000e-003, 4.02010e-002
 1.589080000000e-003, 4.02010e-002
 1.590080000000e-003, 0.00000e+000
 1.591080000000e-003, 4.02010e-002
 1.592080000000e-003, 0.00000e+000
 1.593080000000e-003,-4.02010e-002
 1.594080000000e-003,-4.02010e-002
 1.595080000000e-003,-4.02010e-002
 1.596080000000e-003,-4.02010e-002
 1.597080000000e-003,-8.04020e-002
 1.598080000000e-003,-1.20603e-001
 1.599080000000e-003,-1.20603e-001
 1.600080000000e-003,-1.60804e-001
 1.601080000000e-003,-1.60804e-001
 1.602080000000e-003,-1.60804e-001
 1.603080000000e-003,-1.60804e-001
 1.604080000000e-003,-1.60804e-001
 1.605080000000e-003,-2.01005e-001
 1.606080000000e-003,-2.01005e-001
 1.607080000000e-003,-2.41206e-001
 1.608080000000e-003,-2.41206e-001
 1.609080000000e-003,-2.81407e-001
 1.610080000000e-003,-2.81407e-001
 1.611080000000e-003,-3.21608e-001
 1.612080000000e-003,-2.41206e-001
 1.613080000000e-003,-3.21608e-001
 1.614080000000e-003,-3.21608e-001
 1.615080000000e-003,-3.21608e-001
 1.616080000000e-003,-3.61809e-001
 1.617080000000e-003,-4.02010e-001
 1.618080000000e-003,-4.02010e-001
 1.619080000000e-003,-4.02010e-001
 1.620080000000e-003,-4.02010e-001
 1.621080000000e-003,-4.42211e-001
 1.622080000000e-003,-4.82412e-001
 1.623080000000e-003,-4.82412e-001
 1.624080000000e-003,-4.42211e-001
 1.625080000000e-003,-4.82412e-001
 1.626080000000e-003,-4.82412e-001
 1.627080000000e-003,-4.82412e-001
 1.628080000000e-003,-5.22613e-001
 1.629080000000e-003,-5.22613e-001
 1.630080000000e-003,-5.62814e-001
 1.631080000000e-003,-5.22613e-001
 1.632080000000e-003,-5.62814e-001
 1.633080000000e-003,-5.62814e-001
 1.634080000000e-003,-6.03015e-001
 1.635080000000e-003,-6.03015e-001
 1.636080000000e-003,-6.03015e-001
 1.637080000000e-003,-6.43216e-001
 1.638080000000e-003,-6.43216e-001
 1.639080000000e-003,-6.83417e-001
 1.640080000000e-003,-6.83417e-001
 1.641080000000e-003,-6.83417e-001
 1.642080000000e-003,-6.83417e-001
 1.643080000000e-003,-7.23618e-001
 1.644080000000e-003,-7.23618e-001
 1.645080000000e-003,-7.23618e-001
 1.646080000000e-003,-7.63819e-001
 1.647080000000e-003,-7.63819e-001
 1.648080000000e-003,-7.23618e-001
 1.649080000000e-003,-8.04020e-001
 1.650080000000e-003,-8.04020e-001
 1.651080000000e-003,-8.04020e-001
 1.652080000000e-003,-8.04020e-001
 1.653080000000e-003,-8.04020e-001
 1.654080000000e-003,-8.44221e-001
 1.655080000000e-003,-8.44221e-001
 1.656080000000e-003,-8.44221e-001
 1.657080000000e-003,-8.84422e-001
 1.658080000000e-003,-8.44221e-001
 1.659080000000e-003,-8.84422e-001
 1.660080000000e-003,-8.84422e-001
 1.661080000000e-003,-8.84422e-001
 1.662080000000e-003,-9.24623e-001
 1.663080000000e-003,-9.64824e-001
 1.664080000000e-003,-9.24623e-001
 1.665080000000e-003,-9.24623e-001
 1.666080000000e-003,-9.24623e-001
 1.667080000000e-003,-9.24623e-001
 1.668080000000e-003,-9.24623e-001
 1.669080000000e-003,-9.64824e-001
 1.670080000000e-003,-9.64824e-001
 1.671080000000e-003,-9.64824e-001
 1.672080000000e-003,-1.00503e+000
 1.673080000000e-003,-1.00503e+000
 1.674080000000e-003,-1.00503e+000
 1.675080000000e-003,-1.04523e+000
 1.676080000000e-003,-1.04523e+000
 1.677080000000e-003,-1.04523e+000
 1.678080000000e-003,-1.04523e+000
 1.679080000000e-003,-1.04523e+000
 1.680080000000e-003,-1.04523e+000
 1.681080000000e-003,-1.08543e+000
 1.682080000000e-003,-1.08543e+000
 1.683080000000e-003,-1.08543e+000
 1.684080000000e-003,-1.08543e+000
 1.685080000000e-003,-1.08543e+000
 1.686080000000e-003,-1.12563e+000
 1.687080000000e-003,-1.12563e+000
 1.688080000000e-003,-1.12563e+000
 1.689080000000e-003,-1.12563e+000
 1.690080000000e-003,-1.12563e+000
 1.691080000000e-003,-1.12563e+000
 1.692080000000e-003,-1.16583e+000
 1.693080000000e-003,-1.16583e+000
 1.694080000000e-003,-1.16583e+000
 1.695080000000e-003,-1.20603e+000
 1.696080000000e-003,-1.20603e+000
 1.697080000000e-003,-1.16583e+000
 1.698080000000e-003,-1.20603e+000
 1.699080000000e-003,-1.16583e+000
 1.700080000000e-003,-1.20603e+000
 1.701080000000e-003,-1.16583e+000
 1.702080000000e-003,-1.20603e+000
 1.703080000000e-003,-1.24623e+000
 1.704080000000e-003,-1.20603e+000
 1.705080000000e-003,-1.24623e+000
 1.706080000000e-003,-1.20603e+000
 1.707080000000e-003,-1.24623e+000
 1.708080000000e-003,-1.24623e+000
 1.709080000000e-003,-1.24623e+000
 1.710080000000e-003,-1.24623e+000
 1.711080000000e-003,-1.24623e+000
 1.712080000000e-003,-1.24623e+000
 1.713080000000e-003,-1.24623e+000
 1.714080000000e-003,-1.28643e+000
 1.715080000000e-003,-1.28643e+000
 1.716080000000e-003,-1.28643e+000
 1.717080000000e-003,-1.32663e+000
 1.718080000000e-003,-1.28643e+000
 1.719080000000e-003,-1.28643e+000
 1.720080000000e-003,-1.24623e+000
 1.721080000000e-003,-1.36683e+000
 1.722080000000e-003,-1.32663e+000
 1.723080000000e-003,-1.28643e+000
 1.724080000000e-003,-1.32663e+000
 1.725080000000e-003,-1.32663e+000
 1.726080000000e-003,-1.32663e+000
 1.727080000000e-003,-1.28643e+000
 1.728080000000e-003,-1.32663e+000
 1.729080000000e-003,-1.32663e+000
 1.730080000000e-003,-1.32663e+000
 1.731080000000e-003,-1.28643e+000
 1.732080000000e-003,-1.32663e+000
 1.733080000000e-003,-1.32663e+000
 1.734080000000e-003,-1.32663e+000
 1.735080000000e-003,-1.32663e+000
 1.736080000000e-003,-1.32663e+000
 1.737080000000e-003,-1.32663e+000
 1.738080000000e-003,-1.32663e+000
 1.739080000000e-003,-1.36683e+000
 1.740080000000e-003,-1.32663e+000
 1.741080000000e-003,-1.32663e+000
 1.742080000000e-003,-1.36683e+000
 1.743080000000e-003,-1.32663e+000
 1.744080000000e-003,-1.32663e+000
 1.745080000000e-003,-1.32663e+000
 1.746080000000e-003,-1.36683e+000
 1.747080000000e-003,-1.32663e+000
 1.748080000000e-003,-1.32663e+000
 1.749080000000e-003,-1.32663e+000
 1.750080000000e-003,-1.36683e+000
 1.751080000000e-003,-1.32663e+000
 1.752080000000e-003,-1.36683e+000
 1.753080000000e-003,-1.32663e+000
 1.754080000000e-003,-1.36683e+000
 1.755080000000e-003,-1.32663e+000
 1.756080000000e-003,-1.32663e+000
 1.757080000000e-003,-1.32663e+000
 1.758080000000e-003,-1.32663e+000
 1.759080000000e-003,-1.36683e+000
 1.760080000000e-003,-1.36683e+000
 1.761080000000e-003,-1.36683e+000
 1.762080000000e-003,-1.36683e+000
 1.763080000000e-003,-1.32663e+000
 1.764080000000e-003,-1.32663e+000
 1.765080000000e-003,-1.32663e+000
 1.766080000000e-003,-1.32663e+000
 1.767080000000e-003,-1.36683e+000
 1.768080000000e-003,-1.32663e+000
 1.769080000000e-003,-1.32663e+000
 1.770080000000e-003,-1.28643e+000
 1.771080000000e-003,-1.32663e+000
 1.772080000000e-003,-1.28643e+000
 1.773080000000e-003,-1.36683e+000
 1.774080000000e-003,-1.28643e+000
 1.775080000000e-003,-1.32663e+000
 1.776080000000e-003,-1.28643e+000
 1.777080000000e-003,-1.28643e+000
 1.778080000000e-003,-1.28643e+000
 1.779080000000e-003,-1.28643e+000
 1.780080000000e-003,-1.32663e+000
 1.781080000000e-003,-1.28643e+000
 1.782080000000e-003,-1.24623e+000
 1.783080000000e-003,-1.28643e+000
 1.784080000000e-003,-1.28643e+000
 1.785080000000e-003,-1.28643e+000
 1.786080000000e-003,-1.24623e+000
 1.787080000000e-003,-1.24623e+000
 1.788080000000e-003,-1.28643e+000
 1.789080000000e-003,-1.24623e+000
 1.790080000000e-003,-1.24623e+000
 1.791080000000e-003,-1.20603e+000
 1.792080000000e-003,-1.24623e+000
 1.793080000000e-003,-1.24623e+000
 1.794080000000e-003,-1.24623e+000
 1.795080000000e-003,-1.20603e+000
 1.796080000000e-003,-1.16583e+000
 1.797080000000e-003,-1.24623e+000
 1.798080000000e-003,-1.20603e+000
 1.799080000000e-003,-1.20603e+000
 1.800080000000e-003,-1.16583e+000
 1.801080000000e-003,-1.20603e+000
 1.802080000000e-003,-1.16583e+000
 1.803080000000e-003,-1.16583e+000
 1.804080000000e-003,-1.16583e+000
 1.805080000000e-003,-1.12563e+000
 1.806080000000e-003,-1.12563e+000
 1.807080000000e-003,-1.16583e+000
 1.808080000000e-003,-1.16583e+000
 1.809080000000e-003,-1.16583e+000
 1.810080000000e-003,-1.12563e+000
 1.811080000000e-003,-1.12563e+000
 1.812080000000e-003,-1.08543e+000
 1.813080000000e-003,-1.08543e+000
 1.814080000000e-003,-1.08543e+000
 1.815080000000e-003,-1.08543e+000
 1.816080000000e-003,-1.04523e+000
 1.817080000000e-003,-1.08543e+000
 1.818080000000e-003,-1.04523e+000
 1.819080000000e-003,-1.08543e+000
 1.820080000000e-003,-1.00503e+000
 1.821080000000e-003,-1.04523e+000
 1.822080000000e-003,-1.08543e+000
 1.823080000000e-003,-1.00503e+000
 1.824080000000e-003,-1.00503e+000
 1.825080000000e-003,-1.00503e+000
 1.826080000000e-003,-1.00503e+000
 1.827080000000e-003,-1.00503e+000
 1.828080000000e-003,-1.00503e+000
 1.829080000000e-003,-9.64824e-001
 1.830080000000e-003,-1.00503e+000
 1.831080000000e-003,-9.24623e-001
 1.832080000000e-003,-9.64824e-001
 1.833080000000e-003,-9.24623e-001
 1.834080000000e-003,-9.24623e-001
 1.835080000000e-003,-9.24623e-001
 1.836080000000e-003,-8.84422e-001
 1.837080000000e-003,-9.24623e-001
 1.838080000000e-003,-8.84422e-001
 1.839080000000e-003,-8.84422e-001
 1.840080000000e-003,-8.84422e-001
 1.841080000000e-003,-8.84422e-001
 1.842080000000e-003,-8.44221e-001
 1.843080000000e-003,-8.04020e-001
 1.844080000000e-003,-8.04020e-001
 1.845080000000e-003,-8.04020e-001
 1.846080000000e-003,-8.44221e-001
 1.847080000000e-003,-7.63819e-001
 1.848080000000e-003,-8.04020e-001
 1.849080000000e-003,-7.63819e-001
 1.850080000000e-003,-7.63819e-001
 1.851080000000e-003,-7.23618e-001
 1.852080000000e-003,-7.23618e-001
 1.853080000000e-003,-7.63819e-001
 1.854080000000e-003,-6.83417e-001
 1.855080000000e-003,-6.83417e-001
 1.856080000000e-003,-6.83417e-001
 1.857080000000e-003,-6.43216e-001
 1.858080000000e-003,-6.83417e-001
 1.859080000000e-003,-6.83417e-001
 1.860080000000e-003,-6.43216e-001
 1.861080000000e-003,-6.03015e-001
 1.862080000000e-003,-6.03015e-001
 1.863080000000e-003,-6.43216e-001
 1.864080000000e-003,-5.62814e-001
 1.865080000000e-003,-5.62814e-001
 1.866080000000e-003,-5.62814e-001
 1.867080000000e-003,-5.62814e-001
 1.868080000000e-003,-5.62814e-001
 1.869080000000e-003,-5.22613e-001
 1.870080000000e-003,-4.82412e-001
 1.871080000000e-003,-5.62814e-001
 1.872080000000e-003,-4.82412e-001
 1.873080000000e-003,-5.22613e-001
 1.874080000000e-003,-4.42211e-001
 1.875080000000e-003,-4.82412e-001
 1.876080000000e-003,-4.42211e-001
 1.877080000000e-003,-4.42211e-001
 1.878080000000e-003,-4.02010e-001
 1.879080000000e-003,-4.02010e-001
 1.880080000000e-003,-4.02010e-001
 1.881080000000e-003,-3.21608e-001
 1.882080000000e-003,-3.21608e-001
 1.883080000000e-003,-3.21608e-001
 1.884080000000e-003,-3.21608e-001
 1.885080000000e-003,-3.21608e-001
 1.886080000000e-003,-2.81407e-001
 1.887080000000e-003,-2.81407e-001
 1.888080000000e-003,-2.81407e-001
 1.889080000000e-003,-2.41206e-001
 1.890080000000e-003,-2.41206e-001
 1.891080000000e-003,-2.41206e-001
 1.892080000000e-003,-2.01005e-001
 1.893080000000e-003,-2.01005e-001
 1.894080000000e-003,-2.01005e-001
 1.895080000000e-003,-2.01005e-001
 1.896080000000e-003,-1.60804e-001
 1.897080000000e-003,-1.20603e-001
 1.898080000000e-003,-1.60804e-001
 1.899080000000e-003,-1.20603e-001
 1.900080000000e-003,-8.04020e-002
 1.901080000000e-003,-8.04020e-002
 1.902080000000e-003,-4.02010e-002
 1.903080000000e-003,-4.02010e-002
 1.904080000000e-003,-4.02010e-002
 1.905080000000e-003, 0.00000e+000
 1.906080000000e-003,-4.02010e-002
 1.907080000000e-003, 0.00000e+000
 1.908080000000e-003, 4.02010e-002
 1.909080000000e-003, 4.02010e-002
 1.910080000000e-003, 4.02010e-002
 1.911080000000e-003, 8.04020e-002
 1.912080000000e-003, 8.04020e-002
 1.913080000000e-003, 8.04020e-002
 1.914080000000e-003, 1.20603e-001
 1.915080000000e-003, 1.20603e-001
 1.916080000000e-003, 1.60804e-001
 1.917080000000e-003, 1.60804e-001
 1.918080000000e-003, 1.20603e-001
 1.919080000000e-003, 1.60804e-001
 1.920080000000e-003, 1.60804e-001
 1.921080000000e-003, 2.01005e-001
 1.922080000000e-003, 2.01005e-001
 1.923080000000e-003, 2.01005e-001
 1.924080000000e-003, 2.41206e-001
 1.925080000000e-003, 2.01005e-001
 1.926080000000e-003, 2.41206e-001
 1.927080000000e-003, 2.41206e-001
 1.928080000000e-003, 2.41206e-001
 1.929080000000e-003, 2.41206e-001
 1.930080000000e-003, 2.41206e-001
 1.931080000000e-003, 2.81407e-001
 1.932080000000e-003, 2.41206e-001
 1.933080000000e-003, 2.41206e-001
 1.934080000000e-003, 2.41206e-001
 1.935080000000e-003, 2.81407e-001
 1.936080000000e-003, 2.41206e-001
 1.937080000000e-003, 2.81407e-001
 1.938080000000e-003, 2.41206e-001
 1.939080000000e-003, 2.41206e-001
 1.940080000000e-003, 3.21608e-001
 1.941080000000e-003, 2.81407e-001
 1.942080000000e-003, 2.81407e-001
 1.943080000000e-003, 3.21608e-001
 1.944080000000e-003, 2.81407e-001
 1.945080000000e-003, 2.81407e-001
 1.946080000000e-003, 2.81407e-001
 1.947080000000e-003, 2.81407e-001
 1.948080000000e-003, 2.81407e-001
 1.949080000000e-003, 3.21608e-001
 1.950080000000e-003, 3.21608e-001
 1.951080000000e-003, 2.81407e-001
 1.952080000000e-003, 3.21608e-001
 1.953080000000e-003, 3.21608e-001
 1.954080000000e-003, 3.21608e-001
 1.955080000000e-003, 3.21608e-001
 1.956080000000e-003, 2.81407e-001
 1.957080000000e-003, 3.21608e-001
 1.958080000000e-003, 3.21608e-001
 1.959080000000e-003, 2.81407e-001
 1.960080000000e-003, 3.21608e-001
 1.961080000000e-003, 3.21608e-001
 1.962080000000e-003, 3.21608e-001
 1.963080000000e-003, 2.81407e-001
 1.964080000000e-003, 3.21608e-001
 1.965080000000e-003, 3.61809e-001
 1.966080000000e-003, 3.21608e-001
 1.967080000000e-003, 3.21608e-001
 1.968080000000e-003, 3.21608e-001
 1.969080000000e-003, 3.21608e-001
 1.970080000000e-003, 3.61809e-001
 1.971080000000e-003, 3.21608e-001
 1.972080000000e-003, 3.21608e-001
 1.973080000000e-003, 3.21608e-001
 1.974080000000e-003, 3.21608e-001
 1.975080000000e-003, 3.21608e-001
 1.976080000000e-003, 3.61809e-001
 1.977080000000e-003, 3.21608e-001
 1.978080000000e-003, 2.81407e-001
 1.979080000000e-003, 3.61809e-001
 1.980080000000e-003, 3.61809e-001
 1.981080000000e-003, 3.21608e-001
 1.982080000000e-003, 3.61809e-001
 1.983080000000e-003, 3.61809e-001
 1.984080000000e-003, 3.61809e-001
 1.985080000000e-003, 3.21608e-001
 1.986080000000e-003, 3.61809e-001
 1.987080000000e-003, 3.61809e-001
 1.988080000000e-003, 3.21608e-001
 1.989080000000e-003, 3.61809e-001
 1.990080000000e-003, 2.81407e-001
 1.991080000000e-003, 3.61809e-001
 1.992080000000e-003, 3.21608e-001
 1.993080000000e-003, 3.61809e-001
 1.994080000000e-003, 3.61809e-001
 1.995080000000e-003, 3.61809e-001
 1.996080000000e-003, 3.61809e-001
 1.997080000000e-003, 3.61809e-001
 1.998080000000e-003, 3.61809e-001
 1.999080000000e-003, 3.61809e-001
 2.000080000000e-003, 3.61809e-001
 2.001080000000e-003, 3.21608e-001
 2.002080000000e-003, 3.61809e-001
 2.003080000000e-003, 3.61809e-001
 2.004080000000e-003, 3.61809e-001
 2.005080000000e-003, 3.61809e-001
 2.006080000000e-003, 4.02010e-001
 2.007080000000e-003, 3.61809e-001
 2.008080000000e-003, 3.61809e-001
 2.009080000000e-003, 3.61809e-001
 2.010080000000e-003, 3.61809e-001
 2.011080000000e-003, 3.61809e-001
 2.012080000000e-003, 3.61809e-001
 2.013080000000e-003, 3.61809e-001
 2.014080000000e-003, 3.61809e-001
 2.015080000000e-003, 3.21608e-001
 2.016080000000e-003, 4.02010e-001
 2.017080000000e-003, 3.61809e-001
 2.018080000000e-003, 3.61809e-001
 2.019080000000e-003, 4.02010e-001
 2.020080000000e-003, 3.61809e-001
 2.021080000000e-003, 4.02010e-001
 2.022080000000e-003, 4.02010e-001
 2.023080000000e-003, 4.02010e-001
 2.024080000000e-003, 3.61809e-001
 2.025080000000e-003, 3.61809e-001
 2.026080000000e-003, 3.61809e-001
 2.027080000000e-003, 3.61809e-001
 2.028080000000e-003, 4.02010e-001
 2.029080000000e-003, 3.61809e-001
 2.030080000000e-003, 3.61809e-001
 2.031080000000e-003, 3.61809e-001
 2.032080000000e-003, 4.02010e-001
 2.033080000000e-003, 3.61809e-001
 2.034080000000e-003, 3.21608e-001
 2.035080000000e-003, 3.61809e-001
 2.036080000000e-003, 4.02010e-001
 2.037080000000e-003, 4.02010e-001
 2.038080000000e-003, 3.61809e-001
 2.039080000000e-003, 3.61809e-001
 2.040080000000e-003, 3.61809e-001
 2.041080000000e-003, 4.02010e-001
 2.042080000000e-003, 4.02010e-001
 2.043080000000e-003, 3.61809e-001
 2.044080000000e-003, 3.61809e-001
 2.045080000000e-003, 3.61809e-001
 2.046080000000e-003, 3.61809e-001
 2.047080000000e-003, 4.02010e-001
 2.048080000000e-003, 4.42211e-001
 2.049080000000e-003, 4.02010e-001
 2.050080000000e-003, 3.61809e-001
 2.051080000000e-003, 3.61809e-001
 2.052080000000e-003, 4.02010e-001
 2.053080000000e-003, 4.02010e-001
 2.054080000000e-003, 4.02010e-001
 2.055080000000e-003, 3.61809e-001
 2.056080000000e-003, 4.02010e-001
 2.057080000000e-003, 3.61809e-001
 2.058080000000e-003, 4.02010e-001
 2.059080000000e-003, 4.02010e-001
 2.060080000000e-003, 4.02010e-001
 2.061080000000e-003, 4.02010e-001
 2.062080000000e-003, 4.02010e-001
 2.063080000000e-003, 4.02010e-001
 2.064080000000e-003, 4.02010e-001
 2.065080000000e-003, 4.02010e-001
 2.066080000000e-003, 4.42211e-001
 2.067080000000e-003, 3.61809e-001
 2.068080000000e-003, 4.02010e-001
 2.069080000000e-003, 4.02010e-001
 2.070080000000e-003, 4.42211e-001
 2.071080000000e-003, 4.02010e-001
 2.072080000000e-003, 4.02010e-001
 2.073080000000e-003, 4.02010e-001
 2.074080000000e-003, 4.02010e-001
 2.075080000000e-003, 4.02010e-001
 2.076080000000e-003, 4.02010e-001
 2.077080000000e-003, 4.02010e-001
 2.078080000000e-003, 4.02010e-001
 2.079080000000e-003, 4.02010e-001
 2.080080000000e-003, 4.02010e-001
 2.081080000000e-003, 4.42211e-001
 2.082080000000e-003, 4.02010e-001
 2.083080000000e-003, 4.42211e-001
 2.084080000000e-003, 4.42211e-001
 2.085080000000e-003, 4.02010e-001
 2.086080000000e-003, 4.02010e-001
 2.087080000000e-003, 4.02010e-001
 2.088080000000e-003, 4.02010e-001
 2.089080000000e-003, 4.02010e-001
 2.090080000000e-003, 4.42211e-001
 2.091080000000e-003, 4.02010e-001
 2.092080000000e-003, 3.61809e-001
 2.093080000000e-003, 4.02010e-001
 2.094080000000e-003, 4.02010e-001
 2.095080000000e-003, 4.02010e-001
 2.096080000000e-003, 3.61809e-001
 2.097080000000e-003, 4.02010e-001
 2.098080000000e-003, 4.02010e-001
 2.099080000000e-003, 4.02010e-001
 2.100080000000e-003, 4.02010e-001
 2.101080000000e-003, 4.02010e-001
 2.102080000000e-003, 4.02010e-001
 2.103080000000e-003, 4.02010e-001
 2.104080000000e-003, 4.02010e-001
 2.105080000000e-003, 4.42211e-001
 2.106080000000e-003, 4.02010e-001
 2.107080000000e-003, 4.02010e-001
 2.108080000000e-003, 4.02010e-001
 2.109080000000e-003, 4.02010e-001
 2.110080000000e-003, 4.02010e-001
 2.111080000000e-003, 4.42211e-001
 2.112080000000e-003, 4.02010e-001
 2.113080000000e-003, 4.02010e-001
 2.114080000000e-003, 4.02010e-001
 2.115080000000e-003, 4.02010e-001
 2.116080000000e-003, 4.02010e-001
 2.117080000000e-003, 4.02010e-001
 2.118080000000e-003, 4.02010e-001
 2.119080000000e-003, 4.02010e-001
 2.120080000000e-003, 4.42211e-001
 2.121080000000e-003, 4.42211e-001
 2.122080000000e-003, 3.61809e-001
 2.123080000000e-003, 4.42211e-001
 2.124080000000e-003, 4.02010e-001
 2.125080000000e-003, 4.02010e-001
 2.126080000000e-003, 4.02010e-001
 2.127080000000e-003, 4.02010e-001
 2.128080000000e-003, 3.61809e-001
 2.129080000000e-003, 4.02010e-001
 2.130080000000e-003, 4.02010e-001
 2.131080000000e-003, 4.02010e-001
 2.132080000000e-003, 4.02010e-001
 2.133080000000e-003, 4.42211e-001
 2.134080000000e-003, 4.02010e-001
 2.135080000000e-003, 3.61809e-001
 2.136080000000e-003, 4.02010e-001
 2.137080000000e-003, 4.02010e-001
 2.138080000000e-003, 4.02010e-001
 2.139080000000e-003, 4.02010e-001
 2.140080000000e-003, 4.02010e-001
 2.141080000000e-003, 4.02010e-001
 2.142080000000e-003, 4.02010e-001
 2.143080000000e-003, 4.02010e-001
 2.144080000000e-003, 4.02010e-001
 2.145080000000e-003, 4.42211e-001
 2.146080000000e-003, 4.02010e-001
 2.147080000000e-003, 3.61809e-001
 2.148080000000e-003, 4.02010e-001
 2.149080000000e-003, 4.02010e-001
 2.150080000000e-003, 4.42211e-001
 2.151080000000e-003, 4.42211e-001
 2.152080000000e-003, 4.02010e-001
 2.153080000000e-003, 4.02010e-001
 2.154080000000e-003, 4.02010e-001
 2.155080000000e-003, 4.02010e-001
 2.156080000000e-003, 4.42211e-001
 2.157080000000e-003, 4.02010e-001
 2.158080000000e-003, 3.61809e-001
 2.159080000000e-003, 4.42211e-001
 2.160080000000e-003, 4.02010e-001
 2.161080000000e-003, 4.02010e-001
 2.162080000000e-003, 4.02010e-001
 2.163080000000e-003, 4.02010e-001
 2.164080000000e-003, 4.02010e-001
 2.165080000000e-003, 4.42211e-001
 2.166080000000e-003, 4.42211e-001
 2.167080000000e-003, 4.02010e-001
 2.168080000000e-003, 4.02010e-001
 2.169080000000e-003, 4.02010e-001
 2.170080000000e-003, 4.42211e-001
 2.171080000000e-003, 4.02010e-001
 2.172080000000e-003, 4.02010e-001
 2.173080000000e-003, 4.02010e-001
 2.174080000000e-003, 4.02010e-001
 2.175080000000e-003, 4.42211e-001
 2.176080000000e-003, 4.02010e-001
 2.177080000000e-003, 4.02010e-001
 2.178080000000e-003, 4.02010e-001
 2.179080000000e-003, 4.02010e-001
 2.180080000000e-003, 4.02010e-001
 2.181080000000e-003, 4.02010e-001
 2.182080000000e-003, 4.02010e-001
 2.183080000000e-003, 4.02010e-001
 2.184080000000e-003, 4.02010e-001
 2.185080000000e-003, 4.42211e-001
 2.186080000000e-003, 4.02010e-001
 2.187080000000e-003, 4.02010e-001
 2.188080000000e-003, 4.02010e-001
 2.189080000000e-003, 4.02010e-001
 2.190080000000e-003, 4.02010e-001
 2.191080000000e-003, 4.42211e-001
 2.192080000000e-003, 4.42211e-001
 2.193080000000e-003, 4.02010e-001
 2.194080000000e-003, 4.02010e-001
 2.195080000000e-003, 4.02010e-001
 2.196080000000e-003, 4.02010e-001
 2.197080000000e-003, 4.42211e-001
 2.198080000000e-003, 4.42211e-001
 2.199080000000e-003, 4.02010e-001
 2.200080000000e-003, 4.02010e-001
 2.201080000000e-003, 4.02010e-001
 2.202080000000e-003, 4.42211e-001
 2.203080000000e-003, 4.02010e-001
 2.204080000000e-003, 4.02010e-001
 2.205080000000e-003, 4.02010e-001
 2.206080000000e-003, 4.42211e-001
 2.207080000000e-003, 4.02010e-001
 2.208080000000e-003, 4.02010e-001
 2.209080000000e-003, 4.42211e-001
 2.210080000000e-003, 4.02010e-001
 2.211080000000e-003, 4.02010e-001
 2.212080000000e-003, 4.02010e-001
 2.213080000000e-003, 4.02010e-001
 2.214080000000e-003, 3.61809e-001
 2.215080000000e-003, 4.02010e-001
 2.216080000000e-003, 4.42211e-001
 2.217080000000e-003, 4.02010e-001
 2.218080000000e-003, 4.42211e-001
 2.219080000000e-003, 4.02010e-001
 2.220080000000e-003, 4.42211e-001
 2.221080000000e-003, 4.02010e-001
 2.222080000000e-003, 4.02010e-001
 2.223080000000e-003, 4.42211e-001
 2.224080000000e-003, 4.02010e-001
 2.225080000000e-003, 4.02010e-001
 2.226080000000e-003, 4.42211e-001
 2.227080000000e-003, 4.02010e-001
 2.228080000000e-003, 4.02010e-001
 2.229080000000e-003, 3.61809e-001
 2.230080000000e-003, 4.02010e-001
 2.231080000000e-003, 4.42211e-001
 2.232080000000e-003, 4.02010e-001
 2.233080000000e-003, 4.02010e-001
 2.234080000000e-003, 4.02010e-001
 2.235080000000e-003, 3.61809e-001
 2.236080000000e-003, 4.42211e-001
 2.237080000000e-003, 4.02010e-001
 2.238080000000e-003, 4.42211e-001
 2.239080000000e-003, 4.42211e-001
 2.240080000000e-003, 4.42211e-001
 2.241080000000e-003, 4.02010e-001
 2.242080000000e-003, 4.42211e-001
 2.243080000000e-003, 4.02010e-001
 2.244080000000e-003, 4.42211e-001
 2.245080000000e-003, 4.02010e-001
 2.246080000000e-003, 4.02010e-001
 2.247080000000e-003, 4.02010e-001
 2.248080000000e-003, 4.42211e-001
 2.249080000000e-003, 4.02010e-001
 2.250080000000e-003, 4.02010e-001
 2.251080000000e-003, 4.42211e-001
 2.252080000000e-003, 4.02010e-001
 2.253080000000e-003, 4.02010e-001
 2.254080000000e-003, 4.42211e-001
 2.255080000000e-003, 4.02010e-001
 2.256080000000e-003, 4.02010e-001
 2.257080000000e-003, 4.02010e-001
 2.258080000000e-003, 4.42211e-001
 2.259080000000e-003, 4.02010e-001
 2.260080000000e-003, 4.02010e-001
 2.261080000000e-003, 4.42211e-001
 2.262080000000e-003, 4.42211e-001
 2.263080000000e-003, 4.02010e-001
 2.264080000000e-003, 4.02010e-001
 2.265080000000e-003, 4.02010e-001
 2.266080000000e-003, 4.02010e-001
 2.267080000000e-003, 4.02010e-001
 2.268080000000e-003, 4.02010e-001
 2.269080000000e-003, 4.42211e-001
 2.270080000000e-003, 4.42211e-001
 2.271080000000e-003, 4.42211e-001
 2.272080000000e-003, 4.02010e-001
 2.273080000000e-003, 4.02010e-001
 2.274080000000e-003, 4.02010e-001
 2.275080000000e-003, 4.42211e-001
 2.276080000000e-003, 4.02010e-001
 2.277080000000e-003, 4.02010e-001
 2.278080000000e-003, 4.02010e-001
 2.279080000000e-003, 4.02010e-001
 2.280080000000e-003, 4.02010e-001
 2.281080000000e-003, 4.02010e-001
 2.282080000000e-003, 4.42211e-001
 2.283080000000e-003, 4.02010e-001
 2.284080000000e-003, 4.02010e-001
 2.285080000000e-003, 4.02010e-001
 2.286080000000e-003, 4.02010e-001
 2.287080000000e-003, 4.02010e-001
 2.288080000000e-003, 4.02010e-001
 2.289080000000e-003, 4.42211e-001
 2.290080000000e-003, 4.02010e-001
 2.291080000000e-003, 4.42211e-001
 2.292080000000e-003, 4.42211e-001
 2.293080000000e-003, 4.02010e-001
 2.294080000000e-003, 4.42211e-001
 2.295080000000e-003, 4.02010e-001
 2.296080000000e-003, 4.02010e-001
 2.297080000000e-003, 4.02010e-001
 2.298080000000e-003, 4.02010e-001
 2.299080000000e-003, 3.61809e-001
 2.300080000000e-003, 4.02010e-001
 2.301080000000e-003, 4.02010e-001
 2.302080000000e-003, 4.02010e-001
 2.303080000000e-003, 4.42211e-001
 2.304080000000e-003, 4.42211e-001
 2.305080000000e-003, 4.42211e-001
 2.306080000000e-003, 4.02010e-001
 2.307080000000e-003, 4.42211e-001
 2.308080000000e-003, 4.02010e-001
 2.309080000000e-003, 4.02010e-001
 2.310080000000e-003, 4.02010e-001
 2.311080000000e-003, 4.02010e-001
 2.312080000000e-003, 4.02010e-001
 2.313080000000e-003, 4.42211e-001
 2.314080000000e-003, 4.02010e-001
 2.315080000000e-003, 4.02010e-001
 2.316080000000e-003, 4.02010e-001
 2.317080000000e-003, 4.42211e-001
 2.318080000000e-003, 3.61809e-001
 2.319080000000e-003, 4.02010e-001
 2.320080000000e-003, 4.02010e-001
 2.321080000000e-003, 4.02010e-001
 2.322080000000e-003, 4.02010e-001
 2.323080000000e-003, 4.02010e-001
 2.324080000000e-003, 4.02010e-001
 2.325080000000e-003, 4.02010e-001
 2.326080000000e-003, 4.02010e-001
 2.327080000000e-003, 4.02010e-001
 2.328080000000e-003, 4.02010e-001
 2.329080000000e-003, 4.42211e-001
 2.330080000000e-003, 4.42211e-001
 2.331080000000e-003, 4.02010e-001
 2.332080000000e-003, 4.42211e-001
 2.333080000000e-003, 4.42211e-001
 2.334080000000e-003, 4.02010e-001
 2.335080000000e-003, 3.61809e-001
 2.336080000000e-003, 4.02010e-001
 2.337080000000e-003, 4.02010e-001
 2.338080000000e-003, 4.02010e-001
 2.339080000000e-003, 3.61809e-001
 2.340080000000e-003, 3.61809e-001
 2.341080000000e-003, 4.02010e-001
 2.342080000000e-003, 4.02010e-001
 2.343080000000e-003, 4.02010e-001
 2.344080000000e-003, 4.02010e-001
 2.345080000000e-003, 4.02010e-001
 2.346080000000e-003, 4.42211e-001
 2.347080000000e-003, 4.02010e-001
 2.348080000000e-003, 3.61809e-001
 2.349080000000e-003, 4.02010e-001
 2.350080000000e-003, 4.02010e-001
 2.351080000000e-003, 4.02010e-001
 2.352080000000e-003, 4.42211e-001
 2.353080000000e-003, 4.42211e-001
 2.354080000000e-003, 4.02010e-001
 2.355080000000e-003, 4.02010e-001
 2.356080000000e-003, 4.02010e-001
 2.357080000000e-003, 4.02010e-001
 2.358080000000e-003, 4.02010e-001
 2.359080000000e-003, 4.02010e-001
 2.360080000000e-003, 3.61809e-001
 2.361080000000e-003, 4.02010e-001
 2.362080000000e-003, 4.02010e-001
 2.363080000000e-003, 4.02010e-001
 2.364080000000e-003, 4.02010e-001
 2.365080000000e-003, 4.02010e-001
 2.366080000000e-003, 4.02010e-001
 2.367080000000e-003, 4.02010e-001
 2.368080000000e-003, 4.02010e-001
 2.369080000000e-003, 4.02010e-001
 2.370080000000e-003, 4.02010e-001
 2.371080000000e-003, 3.61809e-001
 2.372080000000e-003, 4.02010e-001
 2.373080000000e-003, 4.02010e-001
 2.374080000000e-003, 4.02010e-001
 2.375080000000e-003, 3.61809e-001
 2.376080000000e-003, 4.02010e-001
 2.377080000000e-003, 4.02010e-001
 2.378080000000e-003, 4.02010e-001
 2.379080000000e-003, 3.61809e-001
 2.380080000000e-003, 4.02010e-001
 2.381080000000e-003, 4.02010e-001
 2.382080000000e-003, 4.02010e-001
 2.383080000000e-003, 4.02010e-001
 2.384080000000e-003, 4.02010e-001
 2.385080000000e-003, 4.02010e-001
 2.386080000000e-003, 4.02010e-001
 2.387080000000e-003, 4.02010e-001
 2.388080000000e-003, 4.02010e-001
 2.389080000000e-003, 4.02010e-001
 2.390080000000e-003, 4.02010e-001
 2.391080000000e-003, 3.61809e-001
 2.392080000000e-003, 3.61809e-001
 2.393080000000e-003, 4.02010e-001
 2.394080000000e-003, 4.02010e-001
 2.395080000000e-003, 4.02010e-001
 2.396080000000e-003, 4.02010e-001
 2.397080000000e-003, 4.02010e-001
 2.398080000000e-003, 4.02010e-001